﻿<?xml version="1.0" encoding="utf-8"?>
<!--DO NOT EDIT. This document is generated by PSoC Creator design builds.-->
<PSoCCreatorIdeExport Version="1">
  <Device Part="CY8C4247LQI-BL483" Processor="CortexM0" DeviceID="E34119E" />
  <Toolchains>
    <Toolchain Name="ARM GCC Generic" Selected="True">
      <Tool Name="prebuild" Command="" Options="" />
      <Tool Name="assembler" Command="arm-none-eabi-as.exe" Options="-mcpu=cortex-m0 -mthumb -I. -IGenerated_Source\PSoC4 -alh=${OutputDir}/${CompileFile}.lst -g -W" />
      <Tool Name="compiler" Command="arm-none-eabi-gcc.exe" Options="-mcpu=cortex-m0 -mthumb -I. -IGenerated_Source\PSoC4 -Wa,-alh=${OutputDir}/${CompileFile}.lst -g -D DEBUG -D CY_CORE_ID=0 -Wall -ffunction-sections -ffat-lto-objects -Og" />
      <Tool Name="linker" Command="arm-none-eabi-gcc.exe" Options="-mcpu=cortex-m0 -mthumb -L Generated_Source\PSoC4 -Wl,-Map,${OutputDir}/${ProjectShortName}.map -T Generated_Source\PSoC4\cm0gcc.ld -specs=nano.specs -u _printf_float -Wl,--gc-sections -g -ffunction-sections -Og -ffat-lto-objects" />
      <Tool Name="postbuild" Command="" Options="" />
    </Toolchain>
    <Toolchain Name="ARM MDK Generic" Selected="False">
      <Tool Name="prebuild" Command="" Options="" />
      <Tool Name="assembler" Command="armasm.exe" Options="--cpu=Cortex-M0 --diag_style=gnu --thumb -i. -iGenerated_Source\PSoC4 -g --list=${OutputDir}/${CompileFile}.lst &quot;--predefine=__MICROLIB SETA 1&quot;" />
      <Tool Name="compiler" Command="armcc.exe" Options="--cpu=Cortex-M0 --C99 --diag_style=gnu -I. -IGenerated_Source\PSoC4 --list --signed_chars -g -D DEBUG -D CY_CORE_ID=0 -O0 --split_sections -D__MICROLIB" />
      <Tool Name="linker" Command="armlink.exe" Options="--cpu=Cortex-M0 --diag_style=gnu --no_startup --library_type=microlib --map --list ${OutputDir}/${ProjectShortName}.map --scatter Generated_Source\PSoC4\Cm0RealView.scat" />
      <Tool Name="postbuild" Command="" Options="" />
    </Toolchain>
    <Toolchain Name="ARM IAR Generic" Selected="False">
      <Tool Name="prebuild" Command="" Options="" />
      <Tool Name="assembler" Command="iasmarm.exe" Options="--cpu Cortex-M0 -I. -IGenerated_Source\PSoC4 -s+ -M&lt;&gt; -w+ -r -DDEBUG --fpu None" />
      <Tool Name="compiler" Command="iccarm.exe" Options="--cpu Cortex-M0 -I. -IGenerated_Source\PSoC4 -D DEBUG -D CY_CORE_ID=0 -I. -IGenerated_Source\PSoC4 -D DEBUG -D CY_CORE_ID=0 --no_cse --no_unroll --no_inline --no_code_motion --no_tbaa --no_clustering --no_scheduling --debug --endian=little -e --fpu=None -On --no_wrap_diagnostics" />
      <Tool Name="linker" Command="ilinkarm.exe" Options="--semihosting --entry __iar_program_start --config Generated_Source\PSoC4\Cm0Iar.icf" />
      <Tool Name="postbuild" Command="" Options="" />
    </Toolchain>
  </Toolchains>
  <Project Name="UV-SG-TEMP" Path="C:\Users\Intern\Documents\GitHub\UV-Sticker\Psoc\UV-Project\UV-SG-TEMP.cydsn" Version="5.60" Type="Normal">
    <CMSIS_SVD_File>UV-SG-TEMP.svd</CMSIS_SVD_File>
    <Datasheet>UV-SG-TEMP_datasheet.pdf</Datasheet>
    <LinkerFiles>
      <LinkerFile Toolchain="ARM GCC Generic">.\Generated_Source\PSoC4\cm0gcc.ld</LinkerFile>
      <LinkerFile Toolchain="ARM MDK Generic">.\Generated_Source\PSoC4\Cm0RealView.scat</LinkerFile>
      <LinkerFile Toolchain="ARM IAR Generic">.\Generated_Source\PSoC4\Cm0Iar.icf</LinkerFile>
    </LinkerFiles>
    <Folders>
      <Folder BuildType="STRICT" Path="C:\Users\Intern\Documents\GitHub\UV-Sticker\Psoc\UV-Project\UV-SG-TEMP.cydsn">
        <Files Root="C:\Users\Intern\Documents\GitHub\UV-Sticker\Psoc\UV-Project\UV-SG-TEMP.cydsn">
          <File BuildType="BUILD" Toolchain="">main.c</File>
          <File BuildType="BUILD" Toolchain="">tmp116.c</File>
          <File BuildType="BUILD" Toolchain="">bluetooth.c</File>
          <File BuildType="BUILD" Toolchain="">lmt70.c</File>
          <File BuildType="BUILD" Toolchain="">system.c</File>
          <File BuildType="BUILD" Toolchain="">uv.c</File>
          <File BuildType="BUILD" Toolchain="">adafruit_guva.c</File>
          <File BuildType="BUILD" Toolchain="">sg.c</File>
          <File BuildType="BUILD" Toolchain="">watchdog.c</File>
          <File BuildType="BUILD" Toolchain="">led.c</File>
          <File BuildType="BUILD" Toolchain="">battery.c</File>
          <File BuildType="BUILD" Toolchain="">guvb_c31sm.c</File>
          <File BuildType="BUILD" Toolchain="">tmp116.h</File>
          <File BuildType="BUILD" Toolchain="">bluetooth.h</File>
          <File BuildType="BUILD" Toolchain="">lmt70.h</File>
          <File BuildType="BUILD" Toolchain="">system.h</File>
          <File BuildType="BUILD" Toolchain="">uv.h</File>
          <File BuildType="BUILD" Toolchain="">adafruit_guva.h</File>
          <File BuildType="BUILD" Toolchain="">sg.h</File>
          <File BuildType="BUILD" Toolchain="">watchdog.h</File>
          <File BuildType="BUILD" Toolchain="">led.h</File>
          <File BuildType="BUILD" Toolchain="">battery.h</File>
          <File BuildType="BUILD" Toolchain="">guvb_c31sm.h</File>
        </Files>
      </Folder>
      <Folder BuildType="STRICT" Path="C:\Users\Intern\Documents\GitHub\UV-Sticker\Psoc\UV-Project\UV-SG-TEMP.cydsn\Generated_Source\PSoC4">
        <Files Root="C:\Users\Intern\Documents\GitHub\UV-Sticker\Psoc\UV-Project\UV-SG-TEMP.cydsn">
          <File BuildType="BUILD" Toolchain="">Generated_Source\PSoC4\cyfitter_cfg.h</File>
          <File BuildType="BUILD" Toolchain="">Generated_Source\PSoC4\cyfitter_cfg.c</File>
          <File BuildType="BUILD" Toolchain="">Generated_Source\PSoC4\cymetadata.c</File>
          <File BuildType="BUILD" Toolchain="">Generated_Source\PSoC4\cydevice_trm.h</File>
          <File BuildType="BUILD" Toolchain="">Generated_Source\PSoC4\cydevicegnu_trm.inc</File>
          <File BuildType="BUILD" Toolchain="">Generated_Source\PSoC4\cydevicerv_trm.inc</File>
          <File BuildType="BUILD" Toolchain="">Generated_Source\PSoC4\cydeviceiar_trm.inc</File>
          <File BuildType="BUILD" Toolchain="">Generated_Source\PSoC4\cyfittergnu.inc</File>
          <File BuildType="BUILD" Toolchain="">Generated_Source\PSoC4\cyfitterrv.inc</File>
          <File BuildType="BUILD" Toolchain="">Generated_Source\PSoC4\cyfitteriar.inc</File>
          <File BuildType="BUILD" Toolchain="">Generated_Source\PSoC4\cyfitter.h</File>
          <File BuildType="BUILD" Toolchain="">Generated_Source\PSoC4\cydisabledsheets.h</File>
          <File BuildType="BUILD" Toolchain="">Generated_Source\PSoC4\SG1_A.c</File>
          <File BuildType="BUILD" Toolchain="">Generated_Source\PSoC4\SG1_A.h</File>
          <File BuildType="BUILD" Toolchain="">Generated_Source\PSoC4\SG1_A_aliases.h</File>
          <File BuildType="BUILD" Toolchain="">Generated_Source\PSoC4\SG1_A_PM.c</File>
          <File BuildType="BUILD" Toolchain="">Generated_Source\PSoC4\SG2_A.c</File>
          <File BuildType="BUILD" Toolchain="">Generated_Source\PSoC4\SG2_A.h</File>
          <File BuildType="BUILD" Toolchain="">Generated_Source\PSoC4\SG2_A_aliases.h</File>
          <File BuildType="BUILD" Toolchain="">Generated_Source\PSoC4\SG2_A_PM.c</File>
          <File BuildType="BUILD" Toolchain="">Generated_Source\PSoC4\GAIN.c</File>
          <File BuildType="BUILD" Toolchain="">Generated_Source\PSoC4\GAIN.h</File>
          <File BuildType="BUILD" Toolchain="">Generated_Source\PSoC4\GAIN_aliases.h</File>
          <File BuildType="BUILD" Toolchain="">Generated_Source\PSoC4\GAIN_PM.c</File>
          <File BuildType="BUILD" Toolchain="">Generated_Source\PSoC4\UART.c</File>
          <File BuildType="BUILD" Toolchain="">Generated_Source\PSoC4\UART.h</File>
          <File BuildType="BUILD" Toolchain="">Generated_Source\PSoC4\UART_SPI_UART.h</File>
          <File BuildType="BUILD" Toolchain="">Generated_Source\PSoC4\UART_SPI_UART.c</File>
          <File BuildType="BUILD" Toolchain="">Generated_Source\PSoC4\UART_SPI_UART_INT.c</File>
          <File BuildType="BUILD" Toolchain="">Generated_Source\PSoC4\UART_PM.c</File>
          <File BuildType="BUILD" Toolchain="">Generated_Source\PSoC4\UART_UART.c</File>
          <File BuildType="BUILD" Toolchain="">Generated_Source\PSoC4\UART_BOOT.c</File>
          <File BuildType="BUILD" Toolchain="">Generated_Source\PSoC4\UART_UART_BOOT.c</File>
          <File BuildType="BUILD" Toolchain="">Generated_Source\PSoC4\UART_PINS.h</File>
          <File BuildType="BUILD" Toolchain="">Generated_Source\PSoC4\UART_SPI_UART_PVT.h</File>
          <File BuildType="BUILD" Toolchain="">Generated_Source\PSoC4\UART_PVT.h</File>
          <File BuildType="BUILD" Toolchain="">Generated_Source\PSoC4\UART_BOOT.h</File>
          <File BuildType="BUILD" Toolchain="">Generated_Source\PSoC4\BLE_gatt.h</File>
          <File BuildType="BUILD" Toolchain="">Generated_Source\PSoC4\BLE.h</File>
          <File BuildType="BUILD" Toolchain="">Generated_Source\PSoC4\BLE.c</File>
          <File BuildType="BUILD" Toolchain="">Generated_Source\PSoC4\BLE_gatt.c</File>
          <File BuildType="BUILD" Toolchain="">Generated_Source\PSoC4\BLE_eventHandler.c</File>
          <File BuildType="BUILD" Toolchain="">Generated_Source\PSoC4\BLE_HAL_INT.c</File>
          <File BuildType="BUILD" Toolchain="">Generated_Source\PSoC4\BLE_HAL_PVT.c</File>
          <File BuildType="BUILD" Toolchain="">Generated_Source\PSoC4\BLE_HAL_PVT.h</File>
          <File BuildType="BUILD" Toolchain="">Generated_Source\PSoC4\BLE_STACK_PVT.h</File>
          <File BuildType="BUILD" Toolchain="">Generated_Source\PSoC4\BLE_StackGap.h</File>
          <File BuildType="BUILD" Toolchain="">Generated_Source\PSoC4\BLE_StackGatt.h</File>
          <File BuildType="BUILD" Toolchain="">Generated_Source\PSoC4\BLE_StackGattDb.h</File>
          <File BuildType="BUILD" Toolchain="">Generated_Source\PSoC4\BLE_StackHostMain.h</File>
          <File BuildType="BUILD" Toolchain="">Generated_Source\PSoC4\BLE_StackL2cap.h</File>
          <File BuildType="BUILD" Toolchain="">Generated_Source\PSoC4\BLE_StackGattServer.h</File>
          <File BuildType="BUILD" Toolchain="">Generated_Source\PSoC4\BLE_StackGattClient.h</File>
          <File BuildType="BUILD" Toolchain="">Generated_Source\PSoC4\BLE_Stack.h</File>
          <File BuildType="BUILD" Toolchain="">Generated_Source\PSoC4\BLE_eventHandler.h</File>
          <File BuildType="BUILD" Toolchain="">Generated_Source\PSoC4\BLE_custom.h</File>
          <File BuildType="BUILD" Toolchain="">Generated_Source\PSoC4\BLE_custom.c</File>
          <File BuildType="BUILD" Toolchain="">Generated_Source\PSoC4\ADC.c</File>
          <File BuildType="BUILD" Toolchain="">Generated_Source\PSoC4\ADC.h</File>
          <File BuildType="BUILD" Toolchain="">Generated_Source\PSoC4\ADC_PM.c</File>
          <File BuildType="BUILD" Toolchain="">Generated_Source\PSoC4\ADC_INT.c</File>
          <File BuildType="BUILD" Toolchain="">Generated_Source\PSoC4\UART_SCBCLK.c</File>
          <File BuildType="BUILD" Toolchain="">Generated_Source\PSoC4\UART_SCBCLK.h</File>
          <File BuildType="BUILD" Toolchain="">Generated_Source\PSoC4\UART_tx.c</File>
          <File BuildType="BUILD" Toolchain="">Generated_Source\PSoC4\UART_tx.h</File>
          <File BuildType="BUILD" Toolchain="">Generated_Source\PSoC4\UART_tx_aliases.h</File>
          <File BuildType="BUILD" Toolchain="">Generated_Source\PSoC4\UART_tx_PM.c</File>
          <File BuildType="BUILD" Toolchain="">Generated_Source\PSoC4\UART_rx.c</File>
          <File BuildType="BUILD" Toolchain="">Generated_Source\PSoC4\UART_rx.h</File>
          <File BuildType="BUILD" Toolchain="">Generated_Source\PSoC4\UART_rx_aliases.h</File>
          <File BuildType="BUILD" Toolchain="">Generated_Source\PSoC4\UART_rx_PM.c</File>
          <File BuildType="BUILD" Toolchain="">Generated_Source\PSoC4\BLE_bless_isr.c</File>
          <File BuildType="BUILD" Toolchain="">Generated_Source\PSoC4\BLE_bless_isr.h</File>
          <File BuildType="BUILD" Toolchain="">Generated_Source\PSoC4\ADC_IRQ.c</File>
          <File BuildType="BUILD" Toolchain="">Generated_Source\PSoC4\ADC_IRQ.h</File>
          <File BuildType="BUILD" Toolchain="">Generated_Source\PSoC4\ADC_intClock.c</File>
          <File BuildType="BUILD" Toolchain="">Generated_Source\PSoC4\ADC_intClock.h</File>
          <File BuildType="BUILD" Toolchain="ARM GCC Generic">Generated_Source\PSoC4\cm0gcc.ld</File>
          <File BuildType="BUILD" Toolchain="ARM MDK Generic">Generated_Source\PSoC4\Cm0RealView.scat</File>
          <File BuildType="BUILD" Toolchain="">Generated_Source\PSoC4\Cm0Start.c</File>
          <File BuildType="BUILD" Toolchain="">Generated_Source\PSoC4\core_cm0.h</File>
          <File BuildType="BUILD" Toolchain="">Generated_Source\PSoC4\core_cm0_psoc4.h</File>
          <File BuildType="BUILD" Toolchain="ARM MDK Generic">Generated_Source\PSoC4\CyBootAsmRv.s</File>
          <File BuildType="BUILD" Toolchain="">Generated_Source\PSoC4\CyFlash.c</File>
          <File BuildType="BUILD" Toolchain="">Generated_Source\PSoC4\CyFlash.h</File>
          <File BuildType="BUILD" Toolchain="">Generated_Source\PSoC4\CyLib.c</File>
          <File BuildType="BUILD" Toolchain="">Generated_Source\PSoC4\CyLib.h</File>
          <File BuildType="BUILD" Toolchain="">Generated_Source\PSoC4\cyPm.c</File>
          <File BuildType="BUILD" Toolchain="">Generated_Source\PSoC4\cyPm.h</File>
          <File BuildType="BUILD" Toolchain="">Generated_Source\PSoC4\cytypes.h</File>
          <File BuildType="BUILD" Toolchain="">Generated_Source\PSoC4\cyutils.c</File>
          <File BuildType="BUILD" Toolchain="">Generated_Source\PSoC4\cypins.h</File>
          <File BuildType="BUILD" Toolchain="">Generated_Source\PSoC4\core_cmFunc.h</File>
          <File BuildType="BUILD" Toolchain="">Generated_Source\PSoC4\core_cmInstr.h</File>
          <File BuildType="BUILD" Toolchain="ARM IAR Generic">Generated_Source\PSoC4\Cm0Iar.icf</File>
          <File BuildType="BUILD" Toolchain="ARM IAR Generic">Generated_Source\PSoC4\CyBootAsmIar.s</File>
          <File BuildType="BUILD" Toolchain="">Generated_Source\PSoC4\cmsis_armcc.h</File>
          <File BuildType="BUILD" Toolchain="">Generated_Source\PSoC4\cmsis_gcc.h</File>
          <File BuildType="BUILD" Toolchain="">Generated_Source\PSoC4\cmsis_compiler.h</File>
          <File BuildType="BUILD" Toolchain="ARM GCC Generic">Generated_Source\PSoC4\CyBootAsmGnu.s</File>
          <File BuildType="BUILD" Toolchain="">Generated_Source\PSoC4\CyLFClk.c</File>
          <File BuildType="BUILD" Toolchain="">Generated_Source\PSoC4\CyLFClk.h</File>
          <File BuildType="BUILD" Toolchain="">Generated_Source\PSoC4\project.h</File>
          <File BuildType="BUILD" Toolchain="">Generated_Source\PSoC4\cycodeshareimport.ld</File>
          <File BuildType="BUILD" Toolchain="">Generated_Source\PSoC4\cycodeshareexport.ld</File>
          <File BuildType="BUILD" Toolchain="">Generated_Source\PSoC4\cycodeshareimport.scat</File>
          <File BuildType="BUILD" Toolchain="">Generated_Source\PSoC4\UVD_5NEG.c</File>
          <File BuildType="BUILD" Toolchain="">Generated_Source\PSoC4\UVD_5NEG.h</File>
          <File BuildType="BUILD" Toolchain="">Generated_Source\PSoC4\UVD_5NEG_aliases.h</File>
          <File BuildType="BUILD" Toolchain="">Generated_Source\PSoC4\UVD_5NEG_PM.c</File>
          <File BuildType="BUILD" Toolchain="">Generated_Source\PSoC4\UVD_5POS.c</File>
          <File BuildType="BUILD" Toolchain="">Generated_Source\PSoC4\UVD_5POS.h</File>
          <File BuildType="BUILD" Toolchain="">Generated_Source\PSoC4\UVD_5POS_aliases.h</File>
          <File BuildType="BUILD" Toolchain="">Generated_Source\PSoC4\UVD_5POS_PM.c</File>
          <File BuildType="BUILD" Toolchain="">Generated_Source\PSoC4\UVD_5GAIN.c</File>
          <File BuildType="BUILD" Toolchain="">Generated_Source\PSoC4\UVD_5GAIN.h</File>
          <File BuildType="BUILD" Toolchain="">Generated_Source\PSoC4\UVD_5GAIN_aliases.h</File>
          <File BuildType="BUILD" Toolchain="">Generated_Source\PSoC4\UVD_5GAIN_PM.c</File>
          <File BuildType="BUILD" Toolchain="">Generated_Source\PSoC4\SG_AMP.c</File>
          <File BuildType="BUILD" Toolchain="">Generated_Source\PSoC4\SG_AMP.h</File>
          <File BuildType="BUILD" Toolchain="">Generated_Source\PSoC4\SG_AMP_PM.c</File>
          <File BuildType="BUILD" Toolchain="">Generated_Source\PSoC4\UV5_AMP.c</File>
          <File BuildType="BUILD" Toolchain="">Generated_Source\PSoC4\UV5_AMP.h</File>
          <File BuildType="BUILD" Toolchain="">Generated_Source\PSoC4\UV5_AMP_PM.c</File>
          <File BuildType="BUILD" Toolchain="">Generated_Source\PSoC4\LED_RED.c</File>
          <File BuildType="BUILD" Toolchain="">Generated_Source\PSoC4\LED_RED.h</File>
          <File BuildType="BUILD" Toolchain="">Generated_Source\PSoC4\LED_RED_aliases.h</File>
          <File BuildType="BUILD" Toolchain="">Generated_Source\PSoC4\LED_RED_PM.c</File>
          <File BuildType="BUILD" Toolchain="">Generated_Source\PSoC4\LED_GREEN.c</File>
          <File BuildType="BUILD" Toolchain="">Generated_Source\PSoC4\LED_GREEN.h</File>
          <File BuildType="BUILD" Toolchain="">Generated_Source\PSoC4\LED_GREEN_aliases.h</File>
          <File BuildType="BUILD" Toolchain="">Generated_Source\PSoC4\LED_GREEN_PM.c</File>
          <File BuildType="BUILD" Toolchain="">Generated_Source\PSoC4\LED_BLUE.c</File>
          <File BuildType="BUILD" Toolchain="">Generated_Source\PSoC4\LED_BLUE.h</File>
          <File BuildType="BUILD" Toolchain="">Generated_Source\PSoC4\LED_BLUE_aliases.h</File>
          <File BuildType="BUILD" Toolchain="">Generated_Source\PSoC4\LED_BLUE_PM.c</File>
          <File BuildType="BUILD" Toolchain="">Generated_Source\PSoC4\WDT_ISR.c</File>
          <File BuildType="BUILD" Toolchain="">Generated_Source\PSoC4\WDT_ISR.h</File>
          <File BuildType="BUILD" Toolchain="">Generated_Source\PSoC4\RTC.c</File>
          <File BuildType="BUILD" Toolchain="">Generated_Source\PSoC4\RTC.h</File>
          <File BuildType="BUILD" Toolchain="">Generated_Source\PSoC4\V_BATTERY.c</File>
          <File BuildType="BUILD" Toolchain="">Generated_Source\PSoC4\V_BATTERY.h</File>
          <File BuildType="BUILD" Toolchain="">Generated_Source\PSoC4\V_BATTERY_aliases.h</File>
          <File BuildType="BUILD" Toolchain="">Generated_Source\PSoC4\V_BATTERY_PM.c</File>
          <File BuildType="BUILD" Toolchain="">Generated_Source\PSoC4\GUVA.c</File>
          <File BuildType="BUILD" Toolchain="">Generated_Source\PSoC4\GUVA.h</File>
          <File BuildType="BUILD" Toolchain="">Generated_Source\PSoC4\GUVA_aliases.h</File>
          <File BuildType="BUILD" Toolchain="">Generated_Source\PSoC4\GUVA_PM.c</File>
          <File BuildType="BUILD" Toolchain="">Generated_Source\PSoC4\I2C.c</File>
          <File BuildType="BUILD" Toolchain="">Generated_Source\PSoC4\I2C.h</File>
          <File BuildType="BUILD" Toolchain="">Generated_Source\PSoC4\I2C_I2C.h</File>
          <File BuildType="BUILD" Toolchain="">Generated_Source\PSoC4\I2C_I2C_INT.c</File>
          <File BuildType="BUILD" Toolchain="">Generated_Source\PSoC4\I2C_I2C.c</File>
          <File BuildType="BUILD" Toolchain="">Generated_Source\PSoC4\I2C_I2C_BOOT.c</File>
          <File BuildType="BUILD" Toolchain="">Generated_Source\PSoC4\I2C_I2C_MASTER.c</File>
          <File BuildType="BUILD" Toolchain="">Generated_Source\PSoC4\I2C_PM.c</File>
          <File BuildType="BUILD" Toolchain="">Generated_Source\PSoC4\I2C_BOOT.c</File>
          <File BuildType="BUILD" Toolchain="">Generated_Source\PSoC4\I2C_PINS.h</File>
          <File BuildType="BUILD" Toolchain="">Generated_Source\PSoC4\I2C_I2C_PVT.h</File>
          <File BuildType="BUILD" Toolchain="">Generated_Source\PSoC4\I2C_PVT.h</File>
          <File BuildType="BUILD" Toolchain="">Generated_Source\PSoC4\I2C_BOOT.h</File>
          <File BuildType="BUILD" Toolchain="">Generated_Source\PSoC4\I2C_SCBCLK.c</File>
          <File BuildType="BUILD" Toolchain="">Generated_Source\PSoC4\I2C_SCBCLK.h</File>
          <File BuildType="BUILD" Toolchain="">Generated_Source\PSoC4\I2C_sda.c</File>
          <File BuildType="BUILD" Toolchain="">Generated_Source\PSoC4\I2C_sda.h</File>
          <File BuildType="BUILD" Toolchain="">Generated_Source\PSoC4\I2C_sda_aliases.h</File>
          <File BuildType="BUILD" Toolchain="">Generated_Source\PSoC4\I2C_sda_PM.c</File>
          <File BuildType="BUILD" Toolchain="">Generated_Source\PSoC4\I2C_scl.c</File>
          <File BuildType="BUILD" Toolchain="">Generated_Source\PSoC4\I2C_scl.h</File>
          <File BuildType="BUILD" Toolchain="">Generated_Source\PSoC4\I2C_scl_aliases.h</File>
          <File BuildType="BUILD" Toolchain="">Generated_Source\PSoC4\I2C_scl_PM.c</File>
          <File BuildType="BUILD" Toolchain="">Generated_Source\PSoC4\I2C_SCB_IRQ.c</File>
          <File BuildType="BUILD" Toolchain="">Generated_Source\PSoC4\I2C_SCB_IRQ.h</File>
        </Files>
      </Folder>
      <Folder BuildType="STRICT" Path="C:\Users\Intern\Documents\GitHub\UV-Sticker\Psoc\UV-Project\UV-SG-TEMP.cydsn\Export\ARM_GCC_Generic\BLE_v3_40">
        <Files Root="C:\Users\Intern\Documents\GitHub\UV-Sticker\Psoc\UV-Project\UV-SG-TEMP.cydsn">
          <File BuildType="BUILD" Toolchain="ARM GCC Generic">.\Export\ARM_GCC_Generic\BLE_v3_40\gccCyBLEStack_BLE_SOC_PERIPHERAL.a</File>
        </Files>
      </Folder>
      <Folder BuildType="STRICT" Path="C:\Users\Intern\Documents\GitHub\UV-Sticker\Psoc\UV-Project\UV-SG-TEMP.cydsn\Export\ARM_GCC_Generic">
        <Files Root="C:\Users\Intern\Documents\GitHub\UV-Sticker\Psoc\UV-Project\UV-SG-TEMP.cydsn">
          <File BuildType="BUILD" Toolchain="ARM GCC Generic">.\Export\ARM_GCC_Generic\CyComponentLibrary.a</File>
        </Files>
      </Folder>
      <Folder BuildType="STRICT" Path="C:\Users\Intern\Documents\GitHub\UV-Sticker\Psoc\UV-Project\UV-SG-TEMP.cydsn\Export\ARM_MDK_Generic\BLE_v3_40">
        <Files Root="C:\Users\Intern\Documents\GitHub\UV-Sticker\Psoc\UV-Project\UV-SG-TEMP.cydsn">
          <File BuildType="BUILD" Toolchain="ARM MDK Generic">.\Export\ARM_MDK_Generic\BLE_v3_40\mdkCyBLEStack_BLE_SOC_PERIPHERAL.a</File>
        </Files>
      </Folder>
      <Folder BuildType="STRICT" Path="C:\Users\Intern\Documents\GitHub\UV-Sticker\Psoc\UV-Project\UV-SG-TEMP.cydsn\Export\ARM_MDK_Generic">
        <Files Root="C:\Users\Intern\Documents\GitHub\UV-Sticker\Psoc\UV-Project\UV-SG-TEMP.cydsn">
          <File BuildType="BUILD" Toolchain="ARM MDK Generic">.\Export\ARM_MDK_Generic\CyComponentLibrary.a</File>
        </Files>
      </Folder>
      <Folder BuildType="STRICT" Path="C:\Users\Intern\Documents\GitHub\UV-Sticker\Psoc\UV-Project\UV-SG-TEMP.cydsn\Export\ARM_IAR_Generic\BLE_v3_40">
        <Files Root="C:\Users\Intern\Documents\GitHub\UV-Sticker\Psoc\UV-Project\UV-SG-TEMP.cydsn">
          <File BuildType="BUILD" Toolchain="ARM IAR Generic">.\Export\ARM_IAR_Generic\BLE_v3_40\gccCyBLEStack_BLE_SOC_PERIPHERAL.a</File>
        </Files>
      </Folder>
      <Folder BuildType="STRICT" Path="C:\Users\Intern\Documents\GitHub\UV-Sticker\Psoc\UV-Project\UV-SG-TEMP.cydsn\Export\ARM_IAR_Generic">
        <Files Root="C:\Users\Intern\Documents\GitHub\UV-Sticker\Psoc\UV-Project\UV-SG-TEMP.cydsn">
          <File BuildType="BUILD" Toolchain="ARM IAR Generic">.\Export\ARM_IAR_Generic\CyComponentLibrary.a</File>
        </Files>
      </Folder>
      <Folder BuildType="EXCLUDE" Path=".\codegentemp">
        <Files Root="C:\Users\Intern\Documents\GitHub\UV-Sticker\Psoc\UV-Project\UV-SG-TEMP.cydsn" />
      </Folder>
      <Folder BuildType="EXCLUDE" Path=".\ARM_GCC_441">
        <Files Root="C:\Users\Intern\Documents\GitHub\UV-Sticker\Psoc\UV-Project\UV-SG-TEMP.cydsn" />
      </Folder>
      <Folder BuildType="EXCLUDE" Path=".\ARM_GCC_473">
        <Files Root="C:\Users\Intern\Documents\GitHub\UV-Sticker\Psoc\UV-Project\UV-SG-TEMP.cydsn" />
      </Folder>
      <Folder BuildType="EXCLUDE" Path=".\DP8051_Keil_952">
        <Files Root="C:\Users\Intern\Documents\GitHub\UV-Sticker\Psoc\UV-Project\UV-SG-TEMP.cydsn" />
      </Folder>
      <Folder BuildType="EXCLUDE" Path=".\DP8051">
        <Files Root="C:\Users\Intern\Documents\GitHub\UV-Sticker\Psoc\UV-Project\UV-SG-TEMP.cydsn" />
      </Folder>
      <Folder BuildType="EXCLUDE" Path=".\CortexM0">
        <Files Root="C:\Users\Intern\Documents\GitHub\UV-Sticker\Psoc\UV-Project\UV-SG-TEMP.cydsn" />
      </Folder>
      <Folder BuildType="EXCLUDE" Path=".\CortexM0p">
        <Files Root="C:\Users\Intern\Documents\GitHub\UV-Sticker\Psoc\UV-Project\UV-SG-TEMP.cydsn" />
      </Folder>
      <Folder BuildType="EXCLUDE" Path=".\CortexM3">
        <Files Root="C:\Users\Intern\Documents\GitHub\UV-Sticker\Psoc\UV-Project\UV-SG-TEMP.cydsn" />
      </Folder>
      <Folder BuildType="EXCLUDE" Path=".\CortexM4">
        <Files Root="C:\Users\Intern\Documents\GitHub\UV-Sticker\Psoc\UV-Project\UV-SG-TEMP.cydsn" />
      </Folder>
      <Folder BuildType="EXCLUDE" Path=".\CortexM7">
        <Files Root="C:\Users\Intern\Documents\GitHub\UV-Sticker\Psoc\UV-Project\UV-SG-TEMP.cydsn" />
      </Folder>
    </Folders>
  </Project>
</PSoCCreatorIdeExport>